{"count":1,"self":161.04898559999998,"total":1874.661617,"children":{"AgentSendState":{"count":401321,"self":5.4433872,"total":68.975222,"children":{"CollectObservations":{"count":1284240,"self":1.849983,"total":1.849983,"children":null},"CollectDiscreteActionMasks":{"count":1284240,"self":0.634907,"total":0.634907,"children":null},"AgentInfo.ToProto":{"count":1284240,"self":2.126749,"total":61.046944999999994,"children":{"GenerateSensorData":{"count":1284240,"self":10.150824,"total":58.920196,"children":{"RayPerceptionSensor.Perceive":{"count":3852720,"self":48.7693728,"total":48.769372,"children":null}}}}}}},"DecideAction":{"count":401321,"self":1624.4518911999999,"total":1624.4518679999999,"children":null},"AgentAct":{"count":401321,"self":17.8386416,"total":19.361228999999998,"children":{"AgentInfo.ToProto":{"count":16532,"self":0.092477999999999991,"total":1.522587,"children":{"GenerateSensorData":{"count":16532,"self":0.29661699999999996,"total":1.4301089999999999,"children":{"RayPerceptionSensor.Perceive":{"count":49596,"self":1.133492,"total":1.133492,"children":null}}}}}}},"AgentInfo.ToProto":{"count":7944,"self":0.073586,"total":0.82155499999999992,"children":{"GenerateSensorData":{"count":7944,"self":0.17207999999999998,"total":0.747969,"children":{"RayPerceptionSensor.Perceive":{"count":23832,"self":0.575889,"total":0.575889,"children":null}}}}}},"gauges":{"AircraftLearning.CumulativeReward":{"count":24476,"max":0.76739645,"min":-2.06001,"runningAverage":-0.736160636,"value":-0.5601999,"weightedAverage":-0.9338593}},"metadata":{"timer_format_version":"0.1.0","start_time_seconds":"1634304840","unity_version":"2020.3.13f1","command_line_arguments":"\/Users\/yuxuan\/git\/rl\/unity\/.\/env\/aircraftLearning.app\/Contents\/MacOS\/aircraft --mlagents-port 5005","communication_protocol_version":"1.0.0","com.unity.ml-agents_version":"1.0.8","scene_name":"Training","end_time_seconds":"1634306715"}}