{"count":1,"self":1.944229,"total":25.173553,"children":{"AgentSendState":{"count":4121,"self":0.059571,"total":0.86259999999999992,"children":{"CollectObservations":{"count":13200,"self":0.025075,"total":0.025075,"children":null},"CollectDiscreteActionMasks":{"count":13200,"self":0.0069809999999999994,"total":0.0069809999999999994,"children":null},"AgentInfo.ToProto":{"count":13200,"self":0.023641,"total":0.770973,"children":{"GenerateSensorData":{"count":13200,"self":0.131344,"total":0.747332,"children":{"RayPerceptionSensor.Perceive":{"count":39600,"self":0.615988,"total":0.615988,"children":null}}}}}}},"DecideAction":{"count":4121,"self":22.1229904,"total":22.122991,"children":null},"AgentAct":{"count":4121,"self":0.18953799999999998,"total":0.190901,"children":{"AgentInfo.ToProto":{"count":19,"self":0.000116,"total":0.0013629999999999998,"children":{"GenerateSensorData":{"count":19,"self":0.000292,"total":0.0012469999999999998,"children":{"RayPerceptionSensor.Perceive":{"count":57,"self":0.0009549999999999999,"total":0.0009549999999999999,"children":null}}}}}}},"AgentInfo.ToProto":{"count":563,"self":0.0046159999999999994,"total":0.050942999999999995,"children":{"GenerateSensorData":{"count":563,"self":0.010537,"total":0.046327,"children":{"RayPerceptionSensor.Perceive":{"count":1689,"self":0.035789999999999995,"total":0.035789999999999995,"children":null}}}}}},"gauges":{"AircraftLearning.CumulativeReward":{"count":582,"max":-0.5152,"min":-2.05640936,"runningAverage":-1.35648549,"value":-2.01000166,"weightedAverage":-1.758142}},"metadata":{"timer_format_version":"0.1.0","start_time_seconds":"1634468726","unity_version":"2020.3.13f1","command_line_arguments":"\/Users\/yuxuan\/git\/rl\/unity\/.\/env\/aircraftLearning.app\/Contents\/MacOS\/aircraft --mlagents-port 5005","communication_protocol_version":"1.0.0","com.unity.ml-agents_version":"1.0.8","scene_name":"Training","end_time_seconds":"1634468751"}}